"year","country","continent","value","kg","color","icon","ID WLD","exports_per_weight","imports_per_weight"
2004,"Uruguai","Ámérica do Sul",14351,14351,"#199C51","/static/img/icons/continent/continent_sa.png","845",1,
2005,"Uruguai","Ámérica do Sul",833291,867555,"#199C51","/static/img/icons/continent/continent_sa.png","845","0.9605050976595144",
2005,"Chile","Ámérica do Sul",68147,70996,"#199C51","/static/img/icons/continent/continent_sa.png","158","0.9598709786466844",
2005,"Seicheles","África",7310,6313,"#FEC932","/static/img/icons/continent/continent_af.png","731","1.157928084904166",
2006,"Chile","Ámérica do Sul",38698,22766,"#199C51","/static/img/icons/continent/continent_sa.png","158","1.6998155143635245",
2006,"Namíbia","África",16242,16860,"#FEC932","/static/img/icons/continent/continent_af.png","507","0.9633451957295374",
2007,"Canadá","América do Norte",50974,5459,"#080C79","/static/img/icons/continent/continent_na.png","149","9.337607620443304",
2007,"Itália","Europa",119578,14529,"#823783","/static/img/icons/continent/continent_eu.png","386","8.230298024640375",
2007,"Cuba","América do Norte",21358,18122,"#080C79","/static/img/icons/continent/continent_na.png","199","1.1785674870323364",
2007,"México","América do Norte",19208,1508,"#080C79","/static/img/icons/continent/continent_na.png","493","12.73740053050398",
2007,"Líbia","África",78951,64638,"#FEC932","/static/img/icons/continent/continent_af.png","438","1.2214332126612828",
2007,"Paraguai","Ámérica do Sul",52638,42910,"#199C51","/static/img/icons/continent/continent_sa.png","586","1.2267070612910744",
2008,"México","América do Norte",37962,2680,"#080C79","/static/img/icons/continent/continent_na.png","493","14.164925373134329",
2008,"Argentina","Ámérica do Sul",104500,14280,"#199C51","/static/img/icons/continent/continent_sa.png","063","7.317927170868347",
2008,"Chile","Ámérica do Sul",423941,431637,"#199C51","/static/img/icons/continent/continent_sa.png","158","0.9821702032031545",
2008,"Paraguai","Ámérica do Sul",210127,136271,"#199C51","/static/img/icons/continent/continent_sa.png","586","1.5419788509660897",
2008,"Uruguai","Ámérica do Sul",948803,571095,"#199C51","/static/img/icons/continent/continent_sa.png","845","1.6613750777016083",
2008,"Peru","Ámérica do Sul",6231,360,"#199C51","/static/img/icons/continent/continent_sa.png","589","17.308333333333334",
2009,"Chile","Ámérica do Sul",271330,341223,"#199C51","/static/img/icons/continent/continent_sa.png","158","0.7951691415877593",
2009,"Paraguai","Ámérica do Sul",420635,237616,"#199C51","/static/img/icons/continent/continent_sa.png","586","1.7702301191838934",
2009,"Finlândia","Europa",10284,524,"#823783","/static/img/icons/continent/continent_eu.png","271","19.625954198473284",
2009,"Seicheles","África",8635,4055,"#FEC932","/static/img/icons/continent/continent_af.png","731","2.129469790382244",
2009,"Colômbia","Ámérica do Sul",5886,260,"#199C51","/static/img/icons/continent/continent_sa.png","169","22.638461538461538",
2010,"México","América do Norte",59753,3271,"#080C79","/static/img/icons/continent/continent_na.png","493","18.267502292876795",
2010,"Chile","Ámérica do Sul",56998,4181,"#199C51","/static/img/icons/continent/continent_sa.png","158","13.632623774216695",
2010,"Hong Kong","Ásia",1380,55,"#CC2A21","/static/img/icons/continent/continent_as.png","351","25.09090909090909",
2010,"Turquia","Ásia",4450,375,"#CC2A21","/static/img/icons/continent/continent_as.png","827","11.866666666666667",
2010,"Argentina","Ámérica do Sul",87597,6457,"#199C51","/static/img/icons/continent/continent_sa.png","063","13.566207216973828",
2010,"Estados Unidos","América do Norte",70494,10099,"#080C79","/static/img/icons/continent/continent_na.png","249","6.9802950787206655",
2011,"Chile","Ámérica do Sul",110901,8143,"#199C51","/static/img/icons/continent/continent_sa.png","158","13.619182119611937",
2011,"Estados Unidos","América do Norte",16100,920,"#080C79","/static/img/icons/continent/continent_na.png","249","17.5",
2011,"Bolívia","Ámérica do Sul",8224,386,"#199C51","/static/img/icons/continent/continent_sa.png","097","21.305699481865286",
2011,"Coreia do Sul","Ásia",710,120,"#CC2A21","/static/img/icons/continent/continent_as.png","190","5.916666666666667",
2011,"México","América do Norte",33450,3427,"#080C79","/static/img/icons/continent/continent_na.png","493","9.760723665013131",
2011,"Peru","Ámérica do Sul",72895,8937,"#199C51","/static/img/icons/continent/continent_sa.png","589","8.15654022602663",
2011,"Espanha","Europa",47874,5630,"#823783","/static/img/icons/continent/continent_eu.png","245","8.503374777975134",
2011,"Colômbia","Ámérica do Sul",99629,18171,"#199C51","/static/img/icons/continent/continent_sa.png","169","5.482857300093555",
2012,"Equador","Ámérica do Sul",208134,33270,"#199C51","/static/img/icons/continent/continent_sa.png","239","6.255906221821461",
2012,"Peru","Ámérica do Sul",2215164,316208,"#199C51","/static/img/icons/continent/continent_sa.png","589","7.005401507868239",
2012,"Angola","África",1223770,555068,"#FEC932","/static/img/icons/continent/continent_af.png","040","2.2047208630293946",
2012,"Colômbia","Ámérica do Sul",3388319,518310,"#199C51","/static/img/icons/continent/continent_sa.png","169","6.537244120314098",
2012,"Turquia","Ásia",1493630,238300,"#CC2A21","/static/img/icons/continent/continent_as.png","827","6.267855644146034",
2012,"Venezuela","Ámérica do Sul",228014,34771,"#199C51","/static/img/icons/continent/continent_sa.png","850","6.5575910960282995",
2012,"Tailândia","Ásia",5963,327,"#CC2A21","/static/img/icons/continent/continent_as.png","776","18.23547400611621",
2012,"Bolívia","Ámérica do Sul",20164,3010,"#199C51","/static/img/icons/continent/continent_sa.png","097","6.699003322259136",
2013,"Argentina","Ámérica do Sul",2883008,222707,"#199C51","/static/img/icons/continent/continent_sa.png","063","12.945295837131297",
2013,"Colômbia","Ámérica do Sul",4661757,282906,"#199C51","/static/img/icons/continent/continent_sa.png","169","16.47811287141312",
2013,"Peru","Ámérica do Sul",2402978,161270,"#199C51","/static/img/icons/continent/continent_sa.png","589","14.900341042971414",
2013,"Uruguai","Ámérica do Sul",362935,193715,"#199C51","/static/img/icons/continent/continent_sa.png","845","1.8735513512118318",
2013,"Turquia","Ásia",1190382,161397,"#CC2A21","/static/img/icons/continent/continent_as.png","827","7.375490250748155",
2013,"Chile","Ámérica do Sul",2550864,166471,"#199C51","/static/img/icons/continent/continent_sa.png","158","15.32317340557815",
2013,"Bolívia","Ámérica do Sul",1103116,56191,"#199C51","/static/img/icons/continent/continent_sa.png","097","19.631542417824917",
2013,"Equador","Ámérica do Sul",1271360,56698,"#199C51","/static/img/icons/continent/continent_sa.png","239","22.42336590355921",
2013,"Finlândia","Europa",10173,562,"#823783","/static/img/icons/continent/continent_eu.png","271","18.101423487544483",
2013,"Angola","África",284211,148946,"#FEC932","/static/img/icons/continent/continent_af.png","040","1.908147919380178",
2013,"Estados Unidos","América do Norte",436236,97186,"#080C79","/static/img/icons/continent/continent_na.png","249","4.48867120778713",
2013,"Panamá","América do Norte",52664,4367,"#080C79","/static/img/icons/continent/continent_na.png","580","12.059537439890084",
2014,"Turquia","Ásia",2964807,409431,"#CC2A21","/static/img/icons/continent/continent_as.png","827","7.241286077507565",
2014,"Colômbia","Ámérica do Sul",6588999,365759,"#199C51","/static/img/icons/continent/continent_sa.png","169","18.01459157532692",
2014,"Uruguai","Ámérica do Sul",443475,97794,"#199C51","/static/img/icons/continent/continent_sa.png","845","4.534787410270568",
2014,"Vietnã","Ásia",448847,1471615,"#CC2A21","/static/img/icons/continent/continent_as.png","858","0.305003006900582",
2014,"Argentina","Ámérica do Sul",2264782,154747,"#199C51","/static/img/icons/continent/continent_sa.png","063","14.635385500203558",
2014,"Chile","Ámérica do Sul",4459101,232297,"#199C51","/static/img/icons/continent/continent_sa.png","158","19.195689139334558",
2014,"Burkina Faso","África",5977,4940,"#FEC932","/static/img/icons/continent/continent_af.png","031","1.209919028340081",
2014,"México","América do Norte",264010,19932,"#080C79","/static/img/icons/continent/continent_na.png","493","13.2455348183825",
2014,"Israel","Ásia",10689,900,"#CC2A21","/static/img/icons/continent/continent_as.png","383","11.876666666666667",
2014,"Tailândia","Ásia",14082,846,"#CC2A21","/static/img/icons/continent/continent_as.png","776","16.645390070921987",
2014,"Estados Unidos","América do Norte",18182,1403,"#080C79","/static/img/icons/continent/continent_na.png","249","12.95937277263008",
2014,"Egito","África",7825,661,"#FEC932","/static/img/icons/continent/continent_af.png","240","11.838124054462934",
2014,"Alemanha","Europa",8103,605,"#823783","/static/img/icons/continent/continent_eu.png","023","13.393388429752067",
2014,"Canadá","América do Norte",2709,222,"#080C79","/static/img/icons/continent/continent_na.png","149","12.202702702702704",
2015,"Turquia","Ásia",198418,42548,"#CC2A21","/static/img/icons/continent/continent_as.png","827","4.663391933815926",
2015,"Argentina","Ámérica do Sul",3332115,359413,"#199C51","/static/img/icons/continent/continent_sa.png","063","9.270991867294727",
2015,"Chile","Ámérica do Sul",1468436,122657,"#199C51","/static/img/icons/continent/continent_sa.png","158","11.971889089085824",
2015,"Índia","Ásia",1116292,6973060,"#CC2A21","/static/img/icons/continent/continent_as.png","361","0.16008638961947838",
2015,"Alemanha","Europa",190831,28471,"#823783","/static/img/icons/continent/continent_eu.png","023","6.7026447964595555",
2015,"México","América do Norte",835970,91245,"#080C79","/static/img/icons/continent/continent_na.png","493","9.16181708586772",
2015,"Peru","Ámérica do Sul",1435425,134736,"#199C51","/static/img/icons/continent/continent_sa.png","589","10.653611506946918",
2015,"Uruguai","Ámérica do Sul",254497,25722,"#199C51","/static/img/icons/continent/continent_sa.png","845","9.894137314361247",
2015,"Venezuela","Ámérica do Sul",178920,11332,"#199C51","/static/img/icons/continent/continent_sa.png","850","15.788916343099189",
2015,"Egito","África",15486,1411,"#FEC932","/static/img/icons/continent/continent_af.png","240","10.975194897236003",
2015,"Vietnã","Ásia",798055,3792164,"#CC2A21","/static/img/icons/continent/continent_as.png","858","0.21044844052103232",
2015,"Espanha","Europa",85817,11698,"#823783","/static/img/icons/continent/continent_eu.png","245","7.336040348777569",
2015,"Coreia do Sul","Ásia",26982,5727,"#CC2A21","/static/img/icons/continent/continent_as.png","190","4.711367207962284",
2015,"Finlândia","Europa",20688,1380,"#823783","/static/img/icons/continent/continent_eu.png","271","14.991304347826087",
2016,"Bangladesh","Ásia",1019959,6217505,"#CC2A21","/static/img/icons/continent/continent_as.png","081","0.16404634978178545",
2016,"China","Ásia",138804,1944253,"#CC2A21","/static/img/icons/continent/continent_as.png","160","0.07139194333247782",
2016,"Alemanha","Europa",660115,41193,"#823783","/static/img/icons/continent/continent_eu.png","023","16.02493142038696",
2016,"Itália","Europa",43182,9622,"#823783","/static/img/icons/continent/continent_eu.png","386","4.48784036582831",
2016,"Paraguai","Ámérica do Sul",188842,31835,"#199C51","/static/img/icons/continent/continent_sa.png","586","5.93189885346317",
2016,"Peru","Ámérica do Sul",4341836,747594,"#199C51","/static/img/icons/continent/continent_sa.png","589","5.807745915563795",
2016,"Panamá","América do Norte",21310,1796,"#080C79","/static/img/icons/continent/continent_na.png","580","11.865256124721604",
2016,"Índia","Ásia",1239227,7773351,"#CC2A21","/static/img/icons/continent/continent_as.png","361","0.15941992070086633",
2016,"Espanha","Europa",202281,26776,"#823783","/static/img/icons/continent/continent_eu.png","245","7.554563788467284",
2016,"Costa Rica","América do Norte",48138,4164,"#080C79","/static/img/icons/continent/continent_na.png","196","11.560518731988473",
2016,"Costa do Marfim","África",54,2,"#FEC932","/static/img/icons/continent/continent_af.png","193",27,
2016,"Venezuela","Ámérica do Sul",69397,11085,"#199C51","/static/img/icons/continent/continent_sa.png","850","6.260442038791159",
2016,"Cingapura","Ásia",10815,566,"#CC2A21","/static/img/icons/continent/continent_as.png","741","19.107773851590107",
2016,"Honduras","América do Norte",6796,540,"#080C79","/static/img/icons/continent/continent_na.png","345","12.585185185185185",
2016,"Porto Rico","América do Norte",12211,3522,"#080C79","/static/img/icons/continent/continent_na.png","611","3.467064168086315",
2016,"Tailândia","Ásia",139802,672827,"#CC2A21","/static/img/icons/continent/continent_as.png","776","0.2077829813607361",
2017,"Índia","Ásia",848895,4067695,"#CC2A21","/static/img/icons/continent/continent_as.png","361","0.20869190044976332",
2017,"México","América do Norte",2590733,4826422,"#080C79","/static/img/icons/continent/continent_na.png","493","0.53678128435516",
2017,"Argentina","Ámérica do Sul",8816781,1623429,"#199C51","/static/img/icons/continent/continent_sa.png","063","5.43096187144618",
2017,"Chile","Ámérica do Sul",595792,208778,"#199C51","/static/img/icons/continent/continent_sa.png","158","2.8537106400099628",
2017,"Bangladesh","Ásia",1237164,5062541,"#CC2A21","/static/img/icons/continent/continent_as.png","081","0.24437609492940404",
2017,"Peru","Ámérica do Sul",3608844,669913,"#199C51","/static/img/icons/continent/continent_sa.png","589","5.387033838722342",
2017,"Vietnã","Ásia",221935,954475,"#CC2A21","/static/img/icons/continent/continent_as.png","858","0.2325204955603866",
2017,"Paquistão","Ásia",203784,995940,"#CC2A21","/static/img/icons/continent/continent_as.png","576","0.20461473582745948",
2017,"Alemanha","Europa",8296,12730,"#823783","/static/img/icons/continent/continent_eu.png","023","0.6516889238020425",
2017,"Espanha","Europa",158761,22438,"#823783","/static/img/icons/continent/continent_eu.png","245","7.075541492111596",
2017,"Venezuela","Ámérica do Sul",23773,4508,"#199C51","/static/img/icons/continent/continent_sa.png","850","5.273513753327418",
2017,"Portugal","Europa",5220,2012,"#823783","/static/img/icons/continent/continent_eu.png","607","2.594433399602386",
2017,"Porto Rico","América do Norte",118044,211600,"#080C79","/static/img/icons/continent/continent_na.png","611","0.5578638941398866",
2017,"Coreia do Sul","Ásia",179132,453987,"#CC2A21","/static/img/icons/continent/continent_as.png","190","0.39457517506007883",
2018,"Estados Unidos","América do Norte",13563139,743942,"#080C79","/static/img/icons/continent/continent_na.png","249","18.231446806337054",
2018,"Equador","Ámérica do Sul",1243885,203803,"#199C51","/static/img/icons/continent/continent_sa.png","239","6.103369430283165",
2018,"Uruguai","Ámérica do Sul",262625,107813,"#199C51","/static/img/icons/continent/continent_sa.png","845","2.4359307319154464",
2018,"Venezuela","Ámérica do Sul",41161,7056,"#199C51","/static/img/icons/continent/continent_sa.png","850","5.833475056689342",
2018,"Malásia","Ásia",5513081,20876606,"#CC2A21","/static/img/icons/continent/continent_as.png","455","0.2640793719055674",
2018,"Chile","Ámérica do Sul",1092700,1079001,"#199C51","/static/img/icons/continent/continent_sa.png","158","1.0126960030620917",
2018,"Colômbia","Ámérica do Sul",1214306,280142,"#199C51","/static/img/icons/continent/continent_sa.png","169","4.334608876926701",
2018,"Omã","Ásia",7280,16,"#CC2A21","/static/img/icons/continent/continent_as.png","556",455,
2018,"Panamá","América do Norte",417011,51191,"#080C79","/static/img/icons/continent/continent_na.png","580","8.146178039108436",
2018,"Itália","Europa",13175,3060,"#823783","/static/img/icons/continent/continent_eu.png","386","4.305555555555555",
2018,"Irã","Ásia",2667070,15243703,"#CC2A21","/static/img/icons/continent/continent_as.png","372","0.174962081063899",
2000,"Argentina","Ámérica do Sul",8255,2155,"#199C51","/static/img/icons/continent/continent_sa.png","063","3.8306264501160094",
2006,"Argentina","Ámérica do Sul",1633,50,"#199C51","/static/img/icons/continent/continent_sa.png","063","32.66",
2006,"África do Sul","África",2605,1614,"#FEC932","/static/img/icons/continent/continent_af.png","756","1.614002478314746",
2008,"Emirados Árabes Unidos","Ásia",25891,659,"#CC2A21","/static/img/icons/continent/continent_as.png","244","39.28831562974203",
2009,"Canadá","América do Norte",575,18,"#080C79","/static/img/icons/continent/continent_na.png","149","31.944444444444443",
2009,"Peru","Ámérica do Sul",3800,230,"#199C51","/static/img/icons/continent/continent_sa.png","589","16.52173913043478",
2010,"Índia","Ásia",1650,99,"#CC2A21","/static/img/icons/continent/continent_as.png","361","16.666666666666668",
2010,"Bolívia","Ámérica do Sul",11192,518,"#199C51","/static/img/icons/continent/continent_sa.png","097","21.606177606177607",
2010,"Finlândia","Europa",21794,833,"#823783","/static/img/icons/continent/continent_eu.png","271","26.163265306122447",
2011,"Alemanha","Europa",16803,670,"#823783","/static/img/icons/continent/continent_eu.png","023","25.079104477611942",
2011,"Venezuela","Ámérica do Sul",10699,612,"#199C51","/static/img/icons/continent/continent_sa.png","850","17.48202614379085",
2011,"Emirados Árabes Unidos","Ásia",810,66,"#CC2A21","/static/img/icons/continent/continent_as.png","244","12.272727272727273",
2012,"Canadá","América do Norte",2160,55,"#080C79","/static/img/icons/continent/continent_na.png","149","39.27272727272727",
2012,"Iêmen","Ásia",87600,33580,"#CC2A21","/static/img/icons/continent/continent_as.png","357","2.608695652173913",
2013,"Tailândia","Ásia",18299,1074,"#CC2A21","/static/img/icons/continent/continent_as.png","776","17.038175046554933",
2014,"Finlândia","Europa",12088,784,"#823783","/static/img/icons/continent/continent_eu.png","271","15.418367346938776",
2014,"Itália","Europa",6166,459,"#823783","/static/img/icons/continent/continent_eu.png","386","13.433551198257081",
2015,"Portugal","Europa",5700,354,"#823783","/static/img/icons/continent/continent_eu.png","607","16.10169491525424",
2016,"Paquistão","Ásia",73321,331780,"#CC2A21","/static/img/icons/continent/continent_as.png","576","0.2209928265718247",
2016,"Arábia Saudita","Ásia",154,4,"#CC2A21","/static/img/icons/continent/continent_as.png","053","38.5",
2017,"Finlândia","Europa",7500,590,"#823783","/static/img/icons/continent/continent_eu.png","271","12.711864406779661",
2018,"Tailândia","Ásia",86605,302930,"#CC2A21","/static/img/icons/continent/continent_as.png","776","0.2858911299640181",
2018,"Paquistão","Ásia",87563,224745,"#CC2A21","/static/img/icons/continent/continent_as.png","576","0.38961044739593764",
1998,"Itália","Europa",836,456,"#823783","/static/img/icons/continent/continent_eu.png","386","1.8333333333333333",
2003,"Estados Unidos","América do Norte",13550,1450,"#080C79","/static/img/icons/continent/continent_na.png","249","9.344827586206897",
2005,"Itália","Europa",171059,22292,"#823783","/static/img/icons/continent/continent_eu.png","386","7.6735600215323885",
2006,"Uruguai","Ámérica do Sul",1064005,975271,"#199C51","/static/img/icons/continent/continent_sa.png","845","1.090983941899226",
2006,"Itália","Europa",187583,24733,"#823783","/static/img/icons/continent/continent_eu.png","386","7.58432054340355",
2006,"Colômbia","Ámérica do Sul",23436,2290,"#199C51","/static/img/icons/continent/continent_sa.png","169","10.23406113537118",
2006,"Canadá","América do Norte",15388,2270,"#080C79","/static/img/icons/continent/continent_na.png","149","6.778854625550661",
2006,"Paraguai","Ámérica do Sul",25545,21935,"#199C51","/static/img/icons/continent/continent_sa.png","586","1.1645771597902894",
2007,"Uruguai","Ámérica do Sul",836222,695714,"#199C51","/static/img/icons/continent/continent_sa.png","845","1.2019623006005342",
2007,"Chile","Ámérica do Sul",116874,64921,"#199C51","/static/img/icons/continent/continent_sa.png","158","1.800249534049075",
2007,"Estados Unidos","América do Norte",14443,747,"#080C79","/static/img/icons/continent/continent_na.png","249","19.33467202141901",
2007,"Angola","África",566603,470675,"#FEC932","/static/img/icons/continent/continent_af.png","040","1.2038094226377012",
2007,"Argentina","Ámérica do Sul",7092,709,"#199C51","/static/img/icons/continent/continent_sa.png","063","10.002820874471086",
2008,"Angola","África",1848010,1039939,"#FEC932","/static/img/icons/continent/continent_af.png","040","1.777036922357946",
2008,"República Dominicana","América do Norte",36567,21420,"#080C79","/static/img/icons/continent/continent_na.png","647","1.707142857142857",
2009,"Uruguai","Ámérica do Sul",762416,485927,"#199C51","/static/img/icons/continent/continent_sa.png","845","1.5689928734151426",
2009,"Angola","África",912907,542180,"#FEC932","/static/img/icons/continent/continent_af.png","040","1.6837710723376",
2009,"República Dominicana","América do Norte",28570,19993,"#080C79","/static/img/icons/continent/continent_na.png","647","1.4290001500525185",
2009,"Argentina","Ámérica do Sul",73639,7291,"#199C51","/static/img/icons/continent/continent_sa.png","063","10.099986284460293",
2009,"México","América do Norte",41130,6214,"#080C79","/static/img/icons/continent/continent_na.png","493","6.618925008046347",
2010,"Paraguai","Ámérica do Sul",610965,334004,"#199C51","/static/img/icons/continent/continent_sa.png","586","1.8292146201841895",
2010,"Uruguai","Ámérica do Sul",861868,479147,"#199C51","/static/img/icons/continent/continent_sa.png","845","1.7987548706346903",
2010,"Peru","Ámérica do Sul",59281,3147,"#199C51","/static/img/icons/continent/continent_sa.png","589","18.837305370193835",
2010,"Tailândia","Ásia",13050,722,"#CC2A21","/static/img/icons/continent/continent_as.png","776","18.074792243767313",
2010,"Canadá","América do Norte",8681,474,"#080C79","/static/img/icons/continent/continent_na.png","149","18.314345991561183",
2010,"Reino Unido","Europa",3294,185,"#823783","/static/img/icons/continent/continent_eu.png","628","17.805405405405406",
2010,"Angola","África",1787346,957319,"#FEC932","/static/img/icons/continent/continent_af.png","040","1.8670328281377473",
2010,"Venezuela","Ámérica do Sul",3761,196,"#199C51","/static/img/icons/continent/continent_sa.png","850","19.18877551020408",
2010,"Espanha","Europa",43862,5467,"#823783","/static/img/icons/continent/continent_eu.png","245","8.02304737516005",
2011,"Angola","África",1061339,520260,"#FEC932","/static/img/icons/continent/continent_af.png","040","2.04001653019644",
2011,"Turquia","Ásia",6500,576,"#CC2A21","/static/img/icons/continent/continent_as.png","827","11.284722222222221",
2011,"Portugal","Europa",43770,1707,"#823783","/static/img/icons/continent/continent_eu.png","607","25.641476274165203",
2011,"Canadá","América do Norte",7174,459,"#080C79","/static/img/icons/continent/continent_na.png","149","15.62962962962963",
2011,"Argentina","Ámérica do Sul",151429,12400,"#199C51","/static/img/icons/continent/continent_sa.png","063","12.212016129032259",
2011,"Uruguai","Ámérica do Sul",979744,469741,"#199C51","/static/img/icons/continent/continent_sa.png","845","2.085711062053344",
2011,"Finlândia","Europa",28526,1649,"#823783","/static/img/icons/continent/continent_eu.png","271","17.298969072164947",
2011,"Equador","Ámérica do Sul",7758,409,"#199C51","/static/img/icons/continent/continent_sa.png","239","18.968215158924206",
2011,"Tailândia","Ásia",6625,388,"#CC2A21","/static/img/icons/continent/continent_as.png","776","17.074742268041238",
2011,"Paraguai","Ámérica do Sul",685252,353449,"#199C51","/static/img/icons/continent/continent_sa.png","586","1.9387577840084425",
2012,"Argentina","Ámérica do Sul",1016168,104315,"#199C51","/static/img/icons/continent/continent_sa.png","063","9.741341130230552",
2012,"Chile","Ámérica do Sul",273050,25555,"#199C51","/static/img/icons/continent/continent_sa.png","158","10.68479749559773",
2012,"Paraguai","Ámérica do Sul",690724,316113,"#199C51","/static/img/icons/continent/continent_sa.png","586","2.185054078762974",
2012,"Uruguai","Ámérica do Sul",753602,330772,"#199C51","/static/img/icons/continent/continent_sa.png","845","2.2783125536623414",
2012,"Espanha","Europa",49047,5730,"#823783","/static/img/icons/continent/continent_eu.png","245","8.559685863874346",
2012,"Estados Unidos","América do Norte",10020,671,"#080C79","/static/img/icons/continent/continent_na.png","249","14.932935916542474",
2012,"Finlândia","Europa",23133,700,"#823783","/static/img/icons/continent/continent_eu.png","271","33.04714285714286",
2012,"México","América do Norte",314212,47277,"#080C79","/static/img/icons/continent/continent_na.png","493","6.646191594221292",
2012,"Portugal","Europa",3200,255,"#823783","/static/img/icons/continent/continent_eu.png","607","12.549019607843137",
2013,"Canadá","América do Norte",2718,182,"#080C79","/static/img/icons/continent/continent_na.png","149","14.934065934065934",
2013,"Irã","Ásia",22221,1696,"#CC2A21","/static/img/icons/continent/continent_as.png","372","13.102004716981131",
2013,"México","América do Norte",1372621,187882,"#080C79","/static/img/icons/continent/continent_na.png","493","7.3057610627947325",
2013,"Paraguai","Ámérica do Sul",998337,331383,"#199C51","/static/img/icons/continent/continent_sa.png","586","3.012637944613936",
2013,"Arábia Saudita","Ásia",74830,34482,"#CC2A21","/static/img/icons/continent/continent_as.png","053","2.170117742590337",
2013,"Portugal","Europa",2757,90,"#823783","/static/img/icons/continent/continent_eu.png","607","30.633333333333333",
2013,"Venezuela","Ámérica do Sul",1225847,95079,"#199C51","/static/img/icons/continent/continent_sa.png","850","12.892931141471829",
2013,"Espanha","Europa",46918,5630,"#823783","/static/img/icons/continent/continent_eu.png","245","8.333570159857905",
2014,"Equador","Ámérica do Sul",1591880,69684,"#199C51","/static/img/icons/continent/continent_sa.png","239","22.844268411687043",
2014,"Paraguai","Ámérica do Sul",1088500,238792,"#199C51","/static/img/icons/continent/continent_sa.png","586","4.558360414084224",
2014,"Bolívia","Ámérica do Sul",1282600,67437,"#199C51","/static/img/icons/continent/continent_sa.png","097","19.019232765395852",
2014,"Peru","Ámérica do Sul",3614672,210203,"#199C51","/static/img/icons/continent/continent_sa.png","589","17.196100911975567",
2014,"Índia","Ásia",589926,2142250,"#CC2A21","/static/img/icons/continent/continent_as.png","361","0.2753768234333061",
2014,"Espanha","Europa",95595,11538,"#823783","/static/img/icons/continent/continent_eu.png","245","8.28523140925637",
2014,"Costa Rica","América do Norte",22752,2324,"#080C79","/static/img/icons/continent/continent_na.png","196","9.790017211703958",
2014,"Venezuela","Ámérica do Sul",1884757,111700,"#199C51","/static/img/icons/continent/continent_sa.png","850","16.87338406445837",
2015,"Israel","Ásia",4652,230,"#CC2A21","/static/img/icons/continent/continent_as.png","383","20.22608695652174",
2015,"Estados Unidos","América do Norte",47753,3839,"#080C79","/static/img/icons/continent/continent_na.png","249","12.438916384475124",
2015,"Colômbia","Ámérica do Sul",3354207,269478,"#199C51","/static/img/icons/continent/continent_sa.png","169","12.447053191726226",
2015,"Paraguai","Ámérica do Sul",468568,126393,"#199C51","/static/img/icons/continent/continent_sa.png","586","3.7072306219490003",
2015,"Equador","Ámérica do Sul",774457,40804,"#199C51","/static/img/icons/continent/continent_sa.png","239","18.979928438388395",
2015,"Hong Kong","Ásia",289012,1079,"#CC2A21","/static/img/icons/continent/continent_as.png","351","267.8517145505097",
2015,"Indonésia","Ásia",55096,285470,"#CC2A21","/static/img/icons/continent/continent_as.png","365","0.19300101586856763",
2015,"Tailândia","Ásia",10652,535,"#CC2A21","/static/img/icons/continent/continent_as.png","776","19.910280373831775",
2015,"Reino Unido","Europa",140878,1147470,"#823783","/static/img/icons/continent/continent_eu.png","628","0.1227727086546925",
2015,"Bolívia","Ámérica do Sul",100929,4312,"#199C51","/static/img/icons/continent/continent_sa.png","097","23.406539888682747",
2015,"Bangladesh","Ásia",212555,1142720,"#CC2A21","/static/img/icons/continent/continent_as.png","081","0.18600794595351441",
2015,"China","Ásia",170185,867805,"#CC2A21","/static/img/icons/continent/continent_as.png","160","0.19610972511105607",
2015,"Itália","Europa",1683,133,"#823783","/static/img/icons/continent/continent_eu.png","386","12.654135338345865",
2015,"Angola","África",30263,6806,"#FEC932","/static/img/icons/continent/continent_af.png","040","4.446517778430796",
2015,"Costa Rica","América do Norte",17435,1687,"#080C79","/static/img/icons/continent/continent_na.png","196","10.334914048606995",
2016,"Argentina","Ámérica do Sul",5180034,666214,"#199C51","/static/img/icons/continent/continent_sa.png","063","7.775330449375126",
2016,"Vietnã","Ásia",309061,1929430,"#CC2A21","/static/img/icons/continent/continent_as.png","858","0.16018254095769216",
2016,"México","América do Norte",179709,9363,"#080C79","/static/img/icons/continent/continent_na.png","493","19.19352771547581",
2016,"Colômbia","Ámérica do Sul",1597537,281166,"#199C51","/static/img/icons/continent/continent_sa.png","169","5.681828528342687",
2016,"Uruguai","Ámérica do Sul",273299,41133,"#199C51","/static/img/icons/continent/continent_sa.png","845","6.644275885542022",
2016,"Estados Unidos","América do Norte",240195546,10788010,"#080C79","/static/img/icons/continent/continent_na.png","249","22.265046658280813",
2016,"Bolívia","Ámérica do Sul",184301,15483,"#199C51","/static/img/icons/continent/continent_sa.png","097","11.903442485306465",
2016,"Chile","Ámérica do Sul",450877,68766,"#199C51","/static/img/icons/continent/continent_sa.png","158","6.55668498967513",
2016,"Equador","Ámérica do Sul",181903,27344,"#199C51","/static/img/icons/continent/continent_sa.png","239","6.652391749561147",
2016,"Turquia","Ásia",959681,174790,"#CC2A21","/static/img/icons/continent/continent_as.png","827","5.490480004576921",
2016,"Israel","Ásia",12,90,"#CC2A21","/static/img/icons/continent/continent_as.png","383","0.13333333333333333",
2016,"Reino Unido","Europa",28710,2111,"#823783","/static/img/icons/continent/continent_eu.png","628","13.600189483657035",
2016,"Canadá","América do Norte",2105,72,"#080C79","/static/img/icons/continent/continent_na.png","149","29.23611111111111",
2016,"Coreia do Sul","Ásia",7337,642,"#CC2A21","/static/img/icons/continent/continent_as.png","190","11.428348909657322",
2016,"Indonésia","Ásia",140,4,"#CC2A21","/static/img/icons/continent/continent_as.png","365",35,
2017,"Barein","Ásia",2793224,3181,"#CC2A21","/static/img/icons/continent/continent_as.png","080","878.0961961647281",
2017,"China","Ásia",308322,3609322,"#CC2A21","/static/img/icons/continent/continent_as.png","160","0.08542379981614276",
2017,"Tailândia","Ásia",322675,1430155,"#CC2A21","/static/img/icons/continent/continent_as.png","776","0.2256223975722911",
2017,"Estados Unidos","América do Norte",182036693,8243709,"#080C79","/static/img/icons/continent/continent_na.png","249","22.081892143451448",
2017,"Colômbia","Ámérica do Sul",1178121,185579,"#199C51","/static/img/icons/continent/continent_sa.png","169","6.348352992526094",
2017,"Paraguai","Ámérica do Sul",767846,265873,"#199C51","/static/img/icons/continent/continent_sa.png","586","2.888017963463759",
2017,"Uruguai","Ámérica do Sul",804094,473260,"#199C51","/static/img/icons/continent/continent_sa.png","845","1.6990533744664666",
2017,"Equador","Ámérica do Sul",880642,140314,"#199C51","/static/img/icons/continent/continent_sa.png","239","6.2762233276793475",
2017,"Canadá","América do Norte",7133,517,"#080C79","/static/img/icons/continent/continent_na.png","149","13.796905222437138",
2017,"Costa Rica","América do Norte",19026,2128,"#080C79","/static/img/icons/continent/continent_na.png","196","8.94078947368421",
2017,"Malásia","Ásia",2629307,10566421,"#CC2A21","/static/img/icons/continent/continent_as.png","455","0.24883610070051154",
2017,"Reino Unido","Europa",3930,965,"#823783","/static/img/icons/continent/continent_eu.png","628","4.072538860103627",
2017,"Bolívia","Ámérica do Sul",197282,7806,"#199C51","/static/img/icons/continent/continent_sa.png","097","25.27312323853446",
2018,"Romênia","Europa",171,13,"#823783","/static/img/icons/continent/continent_eu.png","670","13.153846153846153",
2018,"Porto Rico","América do Norte",59149,105800,"#080C79","/static/img/icons/continent/continent_na.png","611","0.5590642722117203",
2018,"Argentina","Ámérica do Sul",5378957,921097,"#199C51","/static/img/icons/continent/continent_sa.png","063","5.839729149047277",
2018,"Paraguai","Ámérica do Sul",1208793,194913,"#199C51","/static/img/icons/continent/continent_sa.png","586","6.201705376244786",
2018,"Peru","Ámérica do Sul",1640887,333462,"#199C51","/static/img/icons/continent/continent_sa.png","589","4.920761586027793",
2018,"China","Ásia",267557,2807940,"#CC2A21","/static/img/icons/continent/continent_as.png","160","0.09528586793165096",
2018,"Vietnã","Ásia",259483,306436,"#CC2A21","/static/img/icons/continent/continent_as.png","858","0.8467771410669764",
2018,"Alemanha","Europa",52257,60398,"#823783","/static/img/icons/continent/continent_eu.png","023","0.8652107685684957",
2018,"Canadá","América do Norte",8153,319,"#080C79","/static/img/icons/continent/continent_na.png","149","25.557993730407524",
2018,"México","América do Norte",7452047,10115138,"#080C79","/static/img/icons/continent/continent_na.png","493","0.7367222276156786",
2018,"Bolívia","Ámérica do Sul",120074,9263,"#199C51","/static/img/icons/continent/continent_sa.png","097","12.962755046961028",
2018,"Emirados Árabes Unidos","Ásia",30346,73301,"#CC2A21","/static/img/icons/continent/continent_as.png","244","0.4139916235794873",
2018,"Bangladesh","Ásia",675674,2195524,"#CC2A21","/static/img/icons/continent/continent_as.png","081","0.3077506781980065",
2018,"Índia","Ásia",1384448,4380885,"#CC2A21","/static/img/icons/continent/continent_as.png","361","0.31602016487536194",
2018,"Indonésia","Ásia",1479799,5312070,"#CC2A21","/static/img/icons/continent/continent_as.png","365","0.27857294802214577",
2018,"República Dominicana","América do Norte",42321,3656,"#080C79","/static/img/icons/continent/continent_na.png","647","11.575765864332604",
2018,"Espanha","Europa",172565,27000,"#823783","/static/img/icons/continent/continent_eu.png","245","6.3912962962962965",
2006,"Aruba","América do Norte",4200,550,"#080C79","/static/img/icons/continent/continent_na.png","065","7.636363636363637",
2008,"África do Sul","África",3470,1935,"#FEC932","/static/img/icons/continent/continent_af.png","756","1.79328165374677",
2008,"Estados Unidos","América do Norte",240,3,"#080C79","/static/img/icons/continent/continent_na.png","249",80,
2010,"Japão","Ásia",949,4,"#CC2A21","/static/img/icons/continent/continent_as.png","399","237.25",
2011,"Índia","Ásia",2553,130,"#CC2A21","/static/img/icons/continent/continent_as.png","361","19.638461538461538",
2013,"Hong Kong","Ásia",3712,184,"#CC2A21","/static/img/icons/continent/continent_as.png","351","20.17391304347826",
2013,"Bélgica","Europa",44648,15750,"#823783","/static/img/icons/continent/continent_eu.png","087","2.834793650793651",
2013,"Itália","Europa",2798,215,"#823783","/static/img/icons/continent/continent_eu.png","386","13.013953488372094",
2013,"Costa Rica","América do Norte",10,5,"#080C79","/static/img/icons/continent/continent_na.png","196",2,
2013,"Costa do Marfim","África",21105,3460,"#FEC932","/static/img/icons/continent/continent_af.png","193","6.0997109826589595",
2013,"Alemanha","Europa",4130,338,"#823783","/static/img/icons/continent/continent_eu.png","023","12.218934911242604",
2014,"Hong Kong","Ásia",128223,5298,"#CC2A21","/static/img/icons/continent/continent_as.png","351","24.20215175537939",
2014,"Coreia do Sul","Ásia",64903,108503,"#CC2A21","/static/img/icons/continent/continent_as.png","190","0.5981677925955964",
2014,"El Salvador","América do Norte",38285,5421,"#080C79","/static/img/icons/continent/continent_na.png","687","7.062350119904076",
2014,"Cingapura","Ásia",59160,246500,"#CC2A21","/static/img/icons/continent/continent_as.png","741","0.24",
2014,"Panamá","América do Norte",10320,884,"#080C79","/static/img/icons/continent/continent_na.png","580","11.67420814479638",
2015,"Canadá","América do Norte",1068,81,"#080C79","/static/img/icons/continent/continent_na.png","149","13.185185185185185",
2015,"Panamá","América do Norte",10858,914,"#080C79","/static/img/icons/continent/continent_na.png","580","11.879649890590809",
2016,"Finlândia","Europa",10176,757,"#823783","/static/img/icons/continent/continent_eu.png","271","13.442536327608982",
2017,"Cingapura","Ásia",5750,440,"#CC2A21","/static/img/icons/continent/continent_as.png","741","13.068181818181818",
2017,"Austrália","Oceânia",7756,2000,"#E98319","/static/img/icons/continent/continent_oc.png","069",3878,
2017,"Itália","Europa",13175,3060,"#823783","/static/img/icons/continent/continent_eu.png","386","4.305555555555555",
2018,"Mali","África",19462,49533,"#FEC932","/static/img/icons/continent/continent_af.png","464","0.3929097773201704",
2018,"Bulgária","Europa",1725,2,"#823783","/static/img/icons/continent/continent_eu.png","111","862.5",
2018,"Portugal","Europa",3448,184,"#823783","/static/img/icons/continent/continent_eu.png","607","18.73913043478261",
